species_id,stId,name,FDR,entities_tot,entities_found,reactions_tot,reactions_found
9606,R-HSA-72163,mRNA Splicing - Major Pathway,0.002600023316605693,213,9,11,11
9606,R-HSA-72203,Processing of Capped Intron-Containing Pre-mRNA,0.002600023316605693,317,11,52,39
9606,R-HSA-72172,mRNA Splicing,0.002600023316605693,224,9,16,11
9606,R-HSA-69620,Cell Cycle Checkpoints,0.01011618650173518,278,9,63,14
9606,R-HSA-3108232,SUMO E3 ligases SUMOylate target proteins,0.018383433766103963,184,7,132,18
9606,R-HSA-2990846,SUMOylation,0.02037958556453834,193,7,141,18
9606,R-HSA-69481,G2/M Checkpoints,0.02102096471675796,142,6,24,10
9606,R-HSA-4551638,SUMOylation of chromatin organization proteins,0.03817563219694009,62,4,15,5
9606,R-HSA-1640170,Cell Cycle,0.04811762652872087,729,13,474,75
